company_id,model_no,call_sign
IGO,Boeing 747-647,IGO747-647
AIC,Boeing 777-483,AIC777-483
IAD,Boeing 737-728,IAD737-728
AIC,Boeing 737-348,AIC737-348
GOW,Airbus A321-257,GOWA321-257
AIC,Airbus A319-289,AICA319-289
GOW,Airbus A319-254,GOWA319-254
GOW,Airbus A319-862,GOWA319-862
VTI,Boeing 737-853,VTI737-853
SEJ,Boeing 777-234,SEJ777-234
IGO,Airbus A321-279,IGOA321-279
AIC,Airbus A320-382,AICA320-382
VTI,Boeing 747-707,VTI747-707
IAD,Boeing 737-362,IAD737-362
IGO,Airbus A319-678,IGOA319-678
GOW,Airbus A321-896,GOWA321-896
IAD,Boeing 737-610,IAD737-610
SEJ,Boeing 737-454,SEJ737-454
IAD,Airbus A321-258,IADA321-258
IGO,Boeing 737-774,IGO737-774
IGO,Boeing 777-187,IGO777-187
SEJ,Airbus A319-159,SEJA319-159
IGO,Airbus A320-518,IGOA320-518
GOW,Boeing 777-838,GOW777-838
IGO,Boeing 777-815,IGO777-815
VTI,Boeing 777-797,VTI777-797
IGO,Boeing 747-162,IGO747-162
AIC,Boeing 747-959,AIC747-959
IAD,Boeing 737-131,IAD737-131
IAD,Airbus A320-872,IADA320-872
IAD,Boeing 737-572,IAD737-572
VTI,Airbus A319-987,VTIA319-987
AIC,Bombraider Q400-388,AICQ400-388
GOW,Airbus A321-822,GOWA321-822
VTI,Airbus A319-857,VTIA319-857
SEJ,Boeing 747-374,SEJ747-374
SEJ,Airbus A321-545,SEJA321-545
AIC,Boeing 737-670,AIC737-670
IGO,Airbus A320-653,IGOA320-653
SEJ,Airbus A319-818,SEJA319-818
GOW,Airbus A320-683,GOWA320-683
IAD,Bombraider CRJ-922,IADCRJ-922
GOW,Airbus A320-652,GOWA320-652
AIC,Airbus A319-299,AICA319-299
IGO,Boeing 737-873,IGO737-873
IGO,Bombraider Q400-525,IGOQ400-525
IGO,Bombraider Q400-522,IGOQ400-522
IAD,Boeing 737-549,IAD737-549
IAD,Airbus A320-991,IADA320-991
IAD,Airbus A319-671,IADA319-671
VTI,Airbus A321-298,VTIA321-298
AIC,Airbus A319-738,AICA319-738
IAD,Boeing 747-930,IAD747-930
IAD,Airbus A319-563,IADA319-563
GOW,Airbus A319-603,GOWA319-603
IAD,Airbus A321-439,IADA321-439
IGO,Airbus A320-221,IGOA320-221
AIC,Boeing 737-652,AIC737-652
IAD,Airbus A320-414,IADA320-414
GOW,Boeing 747-738,GOW747-738
GOW,Boeing 777-959,GOW777-959
VTI,Airbus A321-858,VTIA321-858
VTI,Airbus A319-310,VTIA319-310
AIC,Airbus A320-947,AICA320-947
IGO,Boeing 737-343,IGO737-343
VTI,Boeing 737-601,VTI737-601
IAD,Boeing 737-170,IAD737-170
GOW,Airbus A320-276,GOWA320-276
IGO,Boeing 737-531,IGO737-531
IGO,Boeing 737-617,IGO737-617
IAD,Bombraider Q400-591,IADQ400-591
SEJ,Bombraider Q400-877,SEJQ400-877
IGO,Boeing 747-532,IGO747-532
IAD,Airbus A320-674,IADA320-674
AIC,Boeing 737-949,AIC737-949
GOW,Airbus A320-288,GOWA320-288
SEJ,Boeing 777-228,SEJ777-228
GOW,Airbus A321-499,GOWA321-499
IGO,Boeing 737-407,IGO737-407
IGO,Boeing 737-260,IGO737-260
GOW,Airbus A319-599,GOWA319-599
IGO,Boeing 737-219,IGO737-219
IGO,Boeing 747-574,IGO747-574
IGO,Boeing 747-840,IGO747-840
GOW,Airbus A321-833,GOWA321-833
IAD,Airbus A321-538,IADA321-538
GOW,Airbus A321-474,GOWA321-474
GOW,Boeing 747-505,GOW747-505
AIC,Boeing 747-830,AIC747-830
VTI,Airbus A320-324,VTIA320-324
IAD,Boeing 777-841,IAD777-841
GOW,Bombraider CRJ-115,GOWCRJ-115
IGO,Airbus A321-232,IGOA321-232
SEJ,Boeing 737-553,SEJ737-553
IAD,Airbus A319-141,IADA319-141
IGO,Airbus A320-959,IGOA320-959
VTI,Airbus A321-842,VTIA321-842
IAD,Bombraider CRJ-735,IADCRJ-735
IGO,Airbus A321-218,IGOA321-218
IGO,Airbus A320-961,IGOA320-961
